ID,Forename,Surname,Username,Password
2,Sally,Newton,SNewton2,Hdksl5i$
3,Omar,Kefalik,OKefalik3,Gw1lgdy#
4,Diego,Guido,DGuido4,Isk4hcy!
5,Francesco,Muller,FMuller5,Pjhg8sg#
6,Peter,Davidson,PDavidson6,Gyy7gsm!
7,Stephen,Davids,SDavids7,Jjj6srt!
8,Cormack,Connors,CConnors8,Llhstt6!
9,Daniel,Frank,DFrank9,Sd7jbsy#
10,Sarah,Johnston,SJohnston10,Wqzul8s!
11,Kelly,Stevens,KStevens11,Xhbs9jb#
12,Leila,Mohammed,LMohammed12,Ugy2gdd$
13,Federico,Henderson,FHenderson13,Bbfb3nd$
14,Stefan,Weiss,SWeiss14,O9dgdgj!
15,Mia,Richards,MRichards15,Rhbsh4k$
16,Loretta,Phillips,LPhillips16,Zjew6gd!
17,Lionel ,Florence,LFlorence17,Dsa3bfb$
18,Petter,Kjaer,PKjaer18,Jsbd2af!
19,Eugene,Phillips,EPhillips19,Uvdvv9a#
20,Marc,Mitel,MMitel20,Fshgj7s#
g,g,g,Ggg,"['F', 'h', '8', 'J', 'p', '5', '*']"
